,Order_L2,Order_H1
0,1.0566313831957819,0.5259098959634637
