,Order_L2,Order_H1
0,0.9554712997456741,0.4666848826990364
