,Order_L2,Order_H1
0,0.9364125239727906,0.46704873949105585
