,Error_rel_L2_FOM_ROM,Error_abs_L2_FOM_ROM,Error_rel_H1_FOM_ROM,Error_abs_H1_FOM_ROM,Speed_up_POD
0,0.003212640122728902,0.0016588192568306136,0.0032139509536106324,0.01472438648920538,4195.120377712716
