,Error_rel_L2_FOM_ROM,Error_abs_L2_FOM_ROM,Error_rel_H1_FOM_ROM,Error_abs_H1_FOM_ROM,Speed_up_POD
0,0.013764959275560934,0.007083935447084566,0.04751431964768958,0.2171093673452643,0.747541112063837
